Precursor Index,classification,Calcd. Lasso Mass (Da), Distance,Within 500 nt?,Within 150 nt?,Further than 1000 nt?,Core has 2 or 4 Cys?,Leader longer than core?,Plausible lasso ring?,Leader has GxxxxxT motif?,Core starts with G?,Core and BGC in same direction?,Raito leader/core < 2 and > 0.5,Core starts with Cys and even number of Cys?,No Gly in core?,Core has at least 1 aromatic aa?,Core has at least 2 aromatic aa?,Core has odd number of Cys?,Leader has Trp?,Leader has Lys?,Leader has Cys?,Cluster has PF00733?,Cluster has PF05402?,Cluster has PF13471?,Leader has LxxxxxT motif?,Core has adjacent identical aas (doubles)?,Core length (aa),Leader length (aa),Precursor length (aa),Leader/core ratio,Number of Pro in first 9 aa of core?,Estimated core charge,Estimated leader charge,Estimated precursor charge,Absolute value of core charge,Absolute value of leader charge,Absolute value of precursor charge,LEADER A,R,D,N,C,Q,E,G,H,I,L,K,M,F,P,S,T,W,Y,V,Aromatics,Neg charged,Pos charged,Charged,Aliphatic,Hydroxyl,CORE A,R,D,N,C,Q,E,G,H,I,L,K,M,F,P,S,T,W,Y,V,Aromatics,Neg charged,Pos charged,Charged,Aliphatic,Hydroxyl,FIRST CORE RESIDUE A,R,D,N,C,Q,E,G,H,I,L,K,M,F,P,S,T,W,Y,V, PRECURSOR A,R,D,N,C,Q,E,G,H,I,L,K,M,F,P,S,T,W,Y,V,Aromatics,Neg charged,Pos charged,Charged,Aliphatic,Hydroxyl,Motif1?,Motif2?,Motif3?,Motif4?,Motif5?,Motif6?,Motif7?,Motif8?,Motif9?,Motif10?,Motif11?,Motif12?,Motif13?,Motif14?,Motif15?,Motif16?,Total motifs hit,"""Score Motif1""","""Score Motif2""","""Score Motif3""","""Score Motif4""","""Score Motif5""","""Score Motif6""","""Score Motif7""","""Score Motif8""","""Score Motif9""","""Score Motif10""","""Score Motif11""","""Score Motif12""","""Score Motif13""","""Score Motif14""","""Score Motif15""","""Score Motif16""",Sum of MEME scores,No Motifs?,Alternate Start Codon?
0,,3102.6053709999996,511,0,0,0,1,0,0,0,0,0,0,0,1,1,1,0,0,0,0,1,1,1,0,1,26,8,34,0.3076923076923077,0,6,1,7,6,1,7,1,1,0,0,0,0,1,1,1,0,0,0,0,0,0,0,1,0,0,2,0,1,1,2,4,1,2,5,0,2,2,1,1,0,2,2,2,0,0,0,0,2,2,1,0,2,1,1,5,6,8,4,0,0,0,0,0,0,0,0,0,1,0,0,0,0,0,0,0,0,0,0,3,6,0,2,2,1,2,1,3,2,2,0,0,0,0,2,3,1,0,4,1,2,6,8,12,5,0,0,0,0,0,0,0,0,0,0,0,0,0,0,0,0,0,0,0,0,0,0,0,0,0,0,0,0,0,0,0,0,0,0,1,1
1,,5250.562536999999,338,1,0,0,1,0,0,0,0,0,0,0,0,1,0,0,0,0,0,1,0,0,0,1,49,16,65,0.32653061224489793,2,4,3,7,4,3,7,0,2,0,2,0,0,0,1,1,0,3,0,1,0,4,1,0,0,0,1,0,0,2,2,6,1,4,8,3,0,4,2,2,6,0,2,2,1,0,2,8,4,1,0,0,0,2,5,9,14,14,5,0,0,0,0,0,0,0,0,0,0,1,0,0,0,0,0,0,0,0,0,4,10,3,2,4,2,2,7,1,2,5,1,1,2,12,5,1,0,0,1,2,5,11,16,20,6,0,0,0,0,0,0,0,0,0,0,0,0,0,0,0,0,0,0,0,0,0,0,0,0,0,0,0,0,0,0,0,0,0,0,1,0
2,,4265.105681999999,338,1,0,0,1,0,1,0,0,0,0,1,0,1,0,0,0,0,1,1,0,0,0,1,39,12,51,0.3076923076923077,1,4,1,5,4,1,5,2,1,0,0,2,1,0,0,0,0,2,0,0,0,2,1,0,0,0,1,0,0,1,1,5,1,2,8,3,0,2,1,2,6,0,2,0,1,0,2,6,3,1,0,0,0,2,5,9,14,10,4,0,0,0,0,1,0,0,0,0,0,0,0,0,0,0,0,0,0,0,0,4,9,3,0,4,2,2,6,0,2,2,1,0,2,8,4,1,0,0,1,2,5,10,15,15,5,0,0,0,0,0,0,0,0,0,0,0,0,0,0,0,0,0,0,0,0,0,0,0,0,0,0,0,0,0,0,0,0,0,0,1,1
3,,2421.284298,479,1,0,0,0,0,1,0,0,0,1,0,1,1,1,1,0,1,0,1,0,0,0,1,18,14,32,0.7777777777777778,0,6,4,10,6,4,10,2,1,0,0,0,2,0,0,1,0,1,2,1,0,0,1,1,0,0,2,0,0,3,3,6,2,0,6,0,1,1,2,1,0,1,1,1,0,0,1,0,1,0,1,0,1,2,1,6,7,3,1,0,1,0,0,0,0,0,0,0,0,0,0,0,0,0,0,0,0,0,0,2,7,0,1,1,4,1,0,2,1,2,2,1,1,0,2,1,1,0,3,2,1,9,10,9,3,0,0,0,0,0,0,0,0,0,0,0,0,0,0,0,0,0,0,0,0,0,0,0,0,0,0,0,0,0,0,0,0,0,0,1,1
4,,5576.939925999999,244,1,0,0,0,0,0,0,1,0,0,0,0,1,1,1,0,1,0,1,0,0,0,1,51,17,68,0.3333333333333333,0,7,0,7,7,0,7,3,0,0,2,0,1,1,0,0,1,1,1,0,0,3,0,2,0,0,2,0,1,1,2,7,2,9,8,1,0,1,1,1,5,1,1,5,0,0,2,4,5,0,2,2,3,6,2,8,10,23,5,0,0,0,0,0,0,0,1,0,0,0,0,0,0,0,0,0,0,0,0,12,8,1,2,1,2,2,5,1,2,6,1,0,2,7,5,2,2,2,5,6,3,9,12,30,7,0,0,0,0,0,0,0,0,0,0,0,0,0,0,0,0,0,0,0,0,0,0,0,0,0,0,0,0,0,0,0,0,0,0,1,1
5,,5208.697571000001,244,1,0,0,0,0,0,0,0,0,0,0,0,1,1,1,0,1,0,1,0,0,0,1,47,15,62,0.3191489361702128,0,7,0,7,7,0,7,2,0,0,2,0,1,1,1,0,1,2,1,0,0,1,0,0,0,0,3,0,1,1,2,9,0,9,8,1,0,1,1,1,4,1,1,4,0,0,2,4,5,0,2,2,1,6,2,8,10,19,5,0,0,0,0,0,0,0,0,0,0,0,0,0,0,0,0,0,0,1,0,11,8,1,2,1,2,2,5,1,2,6,1,0,2,5,5,0,2,2,4,6,3,9,12,28,5,0,0,0,0,0,0,0,0,0,0,0,0,0,0,0,0,0,0,0,0,0,0,0,0,0,0,0,0,0,0,0,0,0,0,1,1
6,,2421.284298,419,1,0,0,0,1,1,0,0,0,1,0,1,1,1,1,0,1,0,1,0,0,0,1,18,34,52,1.8888888888888888,0,6,7,13,6,7,13,6,3,0,1,0,2,0,5,1,1,2,3,1,1,0,2,2,0,0,4,1,0,6,6,19,4,0,6,0,1,1,2,1,0,1,1,1,0,0,1,0,1,0,1,0,1,2,1,6,7,3,1,0,1,0,0,0,0,0,0,0,0,0,0,0,0,0,0,0,0,0,0,6,9,0,2,1,4,1,5,2,2,3,3,1,2,0,3,2,1,0,5,3,1,12,13,22,5,0,0,0,0,0,0,0,0,0,0,0,0,0,0,0,0,0,0,0,0,0,0,0,0,0,0,0,0,0,0,0,0,0,0,1,1
7,,3340.7590999999998,409,1,0,0,0,0,0,0,1,0,0,0,0,1,0,0,0,0,1,1,0,0,0,1,33,10,43,0.30303030303030304,0,6,0,6,6,0,6,0,2,2,0,1,1,0,1,0,0,1,0,0,1,0,0,0,0,0,1,1,2,2,4,3,0,5,5,2,0,0,2,1,7,1,1,0,3,0,0,1,3,0,0,0,2,0,3,8,11,15,3,0,0,0,0,0,0,0,1,0,0,0,0,0,0,0,0,0,0,0,0,5,7,4,0,1,3,1,8,1,1,1,3,0,1,1,3,0,0,0,3,1,5,10,15,18,3,0,0,0,0,0,0,0,0,0,0,0,0,0,0,0,0,0,0,0,0,0,0,0,0,0,0,0,0,0,0,0,0,0,0,1,1
8,,4146.125277,244,1,0,0,0,0,1,0,1,0,0,0,0,1,1,1,0,0,0,1,0,0,0,1,38,12,50,0.3157894736842105,1,5,2,7,5,2,7,2,2,0,0,0,1,0,1,0,0,2,0,0,1,0,0,0,0,1,2,2,0,2,2,7,0,7,6,1,0,1,0,1,3,1,1,3,0,0,1,4,5,0,2,1,1,4,2,6,8,15,5,0,0,0,0,0,0,0,1,0,0,0,0,0,0,0,0,0,0,0,0,9,8,1,0,1,1,1,4,1,1,5,0,0,2,4,5,0,2,2,3,6,2,8,10,22,5,0,0,0,0,0,0,0,0,0,0,0,0,0,0,0,0,0,0,0,0,0,0,0,0,0,0,0,0,0,0,0,0,0,0,1,1
9,,2911.4424790000007,227,1,0,0,1,0,0,0,0,0,0,0,1,1,0,0,0,0,0,1,0,0,1,1,27,9,36,0.3333333333333333,0,1,2,3,1,2,3,2,2,0,0,0,0,0,0,0,0,1,0,1,0,0,0,2,0,0,1,0,0,2,2,5,2,2,1,0,1,4,0,1,0,0,2,4,1,0,2,3,3,2,0,0,1,2,1,2,3,9,5,0,0,0,0,0,0,1,0,0,0,0,0,0,0,0,0,0,0,0,0,4,3,0,1,4,0,1,0,0,2,5,1,1,2,3,3,4,0,0,2,2,1,4,5,14,7,0,0,0,0,0,0,0,0,0,0,0,0,0,0,0,0,0,0,0,0,0,0,0,0,0,0,0,0,0,0,0,0,0,0,1,0
10,,2275.1767450000007,26,1,1,0,0,1,1,1,0,0,1,0,0,1,1,0,0,1,0,1,0,0,0,0,21,25,46,1.1904761904761905,0,2,5,7,2,5,7,2,2,0,1,0,2,0,1,0,0,1,3,1,1,2,3,4,0,1,1,2,0,5,5,6,7,1,1,0,1,0,1,1,3,1,1,1,1,0,0,2,2,0,1,1,3,2,1,2,3,9,2,1,0,0,0,0,0,0,0,0,0,0,0,0,0,0,0,0,0,0,0,3,3,0,2,0,3,1,4,1,1,2,4,1,1,4,5,4,1,2,4,4,1,7,8,15,9,1,0,0,1,0,0,1,0,0,0,0,0,0,0,0,0,3,26.2667,0,0,-3.56338,0,0,-33.3649,0,0,0,0,0,0,0,0,0,-10.661579999999997,0,0
11,,4294.21144,1853,0,0,1,0,0,0,0,0,0,0,0,0,1,1,1,0,0,0,1,1,1,0,1,39,13,52,0.3333333333333333,2,12,-2,10,12,2,10,2,1,2,0,0,0,1,2,0,0,1,0,0,0,1,2,0,0,0,1,0,3,1,4,6,2,3,10,0,1,3,0,0,5,2,0,1,0,0,1,5,1,6,0,0,1,1,0,10,10,10,7,0,1,0,0,0,0,0,0,0,0,0,0,0,0,0,0,0,0,0,0,5,11,2,1,3,0,1,7,2,0,2,0,0,1,6,3,6,0,0,2,1,3,11,14,16,9,0,0,0,0,0,0,0,0,0,0,0,0,0,0,0,0,0,0,0,0,0,0,0,0,0,0,0,0,0,0,0,0,0,0,1,1
12,,2042.092681,1866,0,0,1,0,0,0,0,0,0,1,0,0,0,0,0,0,0,0,1,1,1,0,1,20,14,34,0.7,3,1,1,2,1,1,2,2,2,1,0,0,1,0,1,0,0,1,0,2,1,1,0,1,0,0,1,1,1,2,3,7,1,3,3,1,0,0,0,1,2,0,1,2,0,0,0,4,2,1,0,0,0,0,2,3,5,8,3,0,0,0,0,0,0,0,0,0,0,0,0,0,0,0,1,0,0,0,0,5,5,2,0,0,1,1,3,0,1,3,0,2,1,5,2,2,0,0,1,1,3,5,8,15,4,0,0,0,0,0,0,0,0,0,0,0,0,0,0,0,0,0,0,0,0,0,0,0,0,0,0,0,0,0,0,0,0,0,0,1,0
13,,2042.092681,1869,0,0,1,0,0,0,0,0,0,1,0,0,0,0,0,0,0,0,1,1,1,0,1,20,13,33,0.65,3,1,1,2,1,1,2,2,2,1,0,0,1,0,1,0,0,1,0,1,1,1,0,1,0,0,1,1,1,2,3,6,1,3,3,1,0,0,0,1,2,0,1,2,0,0,0,4,2,1,0,0,0,0,2,3,5,8,3,0,0,0,0,0,0,0,0,0,0,0,0,0,0,0,1,0,0,0,0,5,5,2,0,0,1,1,3,0,1,3,0,1,1,5,2,2,0,0,1,1,3,5,8,14,4,0,0,0,0,0,0,0,0,0,0,0,0,0,0,0,0,0,0,0,0,0,0,0,0,0,0,0,0,0,0,0,0,0,0,1,0
14,,2379.2710519999996,1817,0,0,1,0,0,0,0,0,0,0,0,0,0,0,1,0,0,0,1,1,1,0,1,24,7,31,0.2916666666666667,1,3,0,3,3,0,3,1,1,0,0,0,0,1,1,0,0,0,0,1,0,0,1,0,0,0,1,0,1,1,2,4,1,5,2,0,2,1,1,0,2,0,2,1,1,0,0,1,2,2,0,0,2,0,0,3,3,12,4,0,0,0,0,0,0,0,0,0,0,0,0,0,0,0,1,0,0,0,0,6,3,0,2,1,1,1,3,0,2,1,1,1,0,1,3,2,0,0,3,0,1,4,5,16,5,0,0,0,0,0,0,0,0,0,0,0,0,0,0,0,0,0,0,0,0,0,0,0,0,0,0,0,0,0,0,0,0,0,0,1,0
15,,3166.6357209999996,1817,0,0,1,0,0,0,0,1,0,0,0,0,0,0,1,0,0,0,1,1,1,0,1,32,10,42,0.3125,0,3,2,5,3,2,5,2,2,0,0,0,0,0,2,0,0,0,0,0,0,0,3,0,0,0,1,0,0,2,2,5,3,6,3,0,2,1,1,1,4,0,2,1,1,1,0,1,3,2,0,0,3,0,1,4,5,17,5,0,0,0,0,0,0,0,1,0,0,0,0,0,0,0,0,0,0,0,0,8,5,0,2,1,1,1,6,0,2,1,1,1,0,1,6,2,0,0,4,0,1,6,7,22,8,0,0,0,0,0,0,0,0,0,0,0,0,0,0,0,0,0,0,0,0,0,0,0,0,0,0,0,0,0,0,0,0,0,0,1,1
16,,2360.9525100000005,2049,0,0,1,0,0,1,0,0,0,0,0,0,1,1,1,0,0,0,1,1,1,0,1,25,8,33,0.32,0,1,3,4,1,3,4,0,3,0,1,0,0,0,2,0,0,0,0,1,0,0,0,0,0,0,1,0,0,3,3,4,0,7,2,2,0,3,0,0,5,1,0,0,0,1,0,0,2,0,1,0,1,1,2,2,4,14,2,1,0,0,0,0,0,0,0,0,0,0,0,0,0,0,0,0,0,0,0,7,5,2,1,3,0,0,7,1,0,0,0,2,0,0,2,0,1,0,2,1,2,5,7,18,2,0,0,0,0,0,0,0,0,0,0,0,0,0,0,0,0,0,0,0,0,0,0,0,0,0,0,0,0,0,0,0,0,0,0,1,0
17,,2735.262847,2074,0,0,1,1,0,0,0,0,0,0,0,0,1,1,0,1,0,1,1,1,1,0,1,24,7,31,0.2916666666666667,0,7,0,7,7,0,7,1,1,1,0,1,0,0,0,0,0,0,0,1,0,1,0,0,1,0,0,1,1,1,2,2,0,1,6,0,0,4,0,0,3,0,0,0,1,1,1,0,4,1,1,0,1,2,0,7,7,6,5,1,0,0,0,0,0,0,0,0,0,0,0,0,0,0,0,0,0,0,0,2,7,1,0,5,0,0,3,0,0,0,1,2,1,1,4,1,2,0,1,3,1,8,9,8,5,0,0,0,0,0,0,0,0,0,0,0,0,0,0,0,0,0,0,0,0,0,0,0,0,0,0,0,0,0,0,0,0,0,0,1,0
